<?xml version="1.0" encoding="UTF-8"?>
<?xml-stylesheet type="text/xsl" href="xsl/exam.xsl"?>
<timetable>
	<branch>
		<name>FE</name>
		<date1>25/10/16</date1>
		<subject1>Maths 1</subject1>
		<timing1>11am - 11:45am</timing1>
		<subject2>Physics 1</subject2>
		<timing2>2pm - 2:45pm</timing2>

		<date2>26/10/16</date2>
		<subject3>Chemisrty</subject3>
		<timing3>11am - 11:45am</timing3>
		<subject4>Mechanics</subject4>
		<timing4>2pm - 2:45pm</timing4>

		<date3>27/10/16</date3>
		<subject5>BEE</subject5>
		<timing5>11am - 11:45am</timing5>
		<subject6>Environmental Studies</subject6>
		<timing6>2pm - 2:45pm</timing6>
	</branch>

	<branch>
		<name>Comps</name>
		<date1>25/10/16</date1>
		<subject1>CN</subject1>
		<timing1>11am - 11:45am</timing1>
		<subject2>OS</subject2>
		<timing2>2pm - 2:45pm</timing2>

		<date2>26/10/16</date2>
		<subject3>SOOAD</subject3>
		<timing3>11am - 11:45am</timing3>
		<subject4>Microprocessor</subject4>
		<timing4>2pm - 2:45pm</timing4>

		<date3>27/10/16</date3>
		<subject5>N/a</subject5>
		<timing5>N/a</timing5>
		<subject6>N/a</subject6>
		<timing6>N/a</timing6>
	</branch>

	<branch>
		<name>IT</name>
		<date1>25/10/16</date1>
		<subject1>Computer Graphics and Virtual Reality</subject1>
		<timing1>11am - 11:45am</timing1>
		<subject2>Operating Systems</subject2>
		<timing2>2pm - 2:45pm</timing2>

		<date2>26/10/16</date2>
		<subject3>Microcontroller and Embedded Systems</subject3>
		<timing3>11am - 11:45am</timing3>
		<subject4>Open Source Technologies</subject4>
		<timing4>2pm - 2:45pm</timing4>

		<date3>27/10/16</date3>
		<subject5>Advanced Database Management Systems</subject5>
		<timing5>11am - 11:45am</timing5>
		<subject6>N/a</subject6>
		<timing6>N/a</timing6>
	</branch>

	<branch>
		<name>Chemical</name>
		<date1>25/10/16</date1>
		<subject1>Chemical Engineering Thermodynamics - II</subject1>
		<timing1>11am - 11:45am</timing1>
		<subject2>Mass Transfer Operations - I (MTO-I)</subject2>
		<timing2>2pm - 2:45pm</timing2>

		<date2>26/10/16</date2>
		<subject3>Heat Transfer Operations - I (HTO-I)</subject3>
		<timing3>11am - 11:45am</timing3>
		<subject4>Chemical Reaction Engineering - I (CRE-I)</subject4>
		<timing4>2pm - 2:45pm</timing4>

		<date3>27/10/16</date3>
		<subject5>Chemical Technology</subject5>
		<timing5>11am - 11:45am</timing5>
		<subject6>N/a</subject6>
		<timing6>N/a</timing6>
	</branch>

	<branch>
		<name>EXTC</name>
		<date1>25/10/16</date1>
		<subject1>Microcontrollers and Applications</subject1>
		<timing1>11am - 11:45am</timing1>
		<subject2>Analog Communication</subject2>
		<timing2>2pm - 2:45pm</timing2>

		<date2>26/10/16</date2>
		<subject3>Random Signal Analysis</subject3>
		<timing3>11am - 11:45am</timing3>
		<subject4>RF Modeling and Antennas</subject4>
		<timing4>2pm - 2:45pm</timing4>

		<date3>27/10/16</date3>
		<subject5>Integrated Circuits</subject5>
		<timing5>11am - 11:45am</timing5>
		<subject6>N/a</subject6>
		<timing6>N/a</timing6>
	</branch>

	<branch>
		<name>Mechanical</name>
		<date1>25/10/16</date1>
		<subject1>I C Engines</subject1>
		<timing1>11am - 11:45am</timing1>
		<subject2>Mechanical Measurements and Control</subject2>
		<timing2>2pm - 2:45pm</timing2>

		<date2>26/10/16</date2>
		<subject3>Production Process-III</subject3>
		<timing3>11am - 11:45am</timing3>
		<subject4>Theory of Machines- II</subject4>
		<timing4>2pm - 2:45pm</timing4>

		<date3>27/10/16</date3>
		<subject5>Heat Transfer</subject5>
		<timing5>11am - 11:45am</timing5>
		<subject6>N/a</subject6>
		<timing6>N/a</timing6>
	</branch>

	<branch>
		<name>Production</name>
		<date1>25/10/16</date1>
		<subject1>Computer Aided Design and Finite Element Analysis</subject1>
		<timing1>11am - 11:45am</timing1>
		<subject2>Metrology and Instrumentation</subject2>
		<timing2>2pm - 2:45pm</timing2>

		<date2>26/10/16</date2>
		<subject3>Design of Jigs and Fixtures</subject3>
		<timing3>11am - 11:45am</timing3>
		<subject4>Machining Science and Technology</subject4>
		<timing4>2pm - 2:45pm</timing4>

		<date3>27/10/16</date3>
		<subject5>Engineering Design</subject5>
		<timing5>11am - 11:45am</timing5>
		<subject6>Thermal Engineering</subject6>
		<timing6>2pm - 2:45pm</timing6>
	</branch>
</timetable>